{
  "AK": [63.588753000000004, -154.493062],
  "AL": [32.318231, -86.902298],
  "AR": [35.20105, -91.83183299999999],
  "AZ": [34.048928000000004, -111.093731],
  "CA": [36.778261, -119.41793200000001],
  "CO": [39.550051, -105.782067],
  "CT": [41.603221000000005, -73.087749],
  "DC": [38.905985, -77.03341800000001],
  "DE": [38.910832, -75.52767],
  "FL": [27.664827000000002, -81.515754],
  "GA": [32.157435, -82.907123],
  "HI": [19.898682, -155.66585700000002],
  "IA": [41.878003, -93.097702],
  "ID": [44.068202, -114.74204099999999],
  "IL": [40.633125, -89.398528],
  "IN": [40.551217, -85.602364],
  "KS": [39.011902, -98.484246],
  "KY": [37.839333, -84.27001800000001],
  "LA": [31.244822999999997, -92.14502399999999],
  "MA": [42.407211, -71.382437],
  "MD": [39.045755, -76.641271],
  "ME": [45.253783, -69.44546899999999],
  "MI": [44.314844, -85.602364],
  "MN": [46.729553, -94.6859],
  "MO": [37.964253, -91.83183299999999],
  "MS": [32.354668, -89.398528],
  "MT": [46.879682, -110.36256599999999],
  "NC": [35.759572999999996, -79.0193],
  "ND": [47.551493, -101.002012],
  "NE": [41.492537, -99.901813],
  "NH": [43.193852, -71.572395],
  "NJ": [40.058324, -74.405661],
  "NM": [34.97273, -105.03236299999999],
  "NV": [38.802609999999994, -116.419389],
  "NY": [43.299428000000006, -74.217933],
  "OH": [40.417287, -82.907123],
  "OK": [35.007752, -97.092877],
  "OR": [43.804133, -120.554201],
  "PA": [41.203322, -77.194525],
  "PR": [18.220833, -66.590149],
  "RI": [41.580095, -71.477429],
  "SC": [33.836081, -81.163725],
  "SD": [43.969515, -99.901813],
  "TN": [35.517491, -86.58044699999999],
  "TX": [31.968598999999998, -99.901813],
  "UT": [39.32098, -111.093731],
  "VA": [37.431573, -78.656894],
  "VT": [44.558803000000005, -72.577841],
  "WA": [47.751073999999996, -120.74013899999999],
  "WI": [43.784440000000004, -88.787868],
  "WV": [38.597626, -80.454903],
  "WY": [43.075967999999996, -107.29028400000001]
}
